id,neighbours
22,"23.0"
23,"22.0,58.0"
49,"50.0,84.0,85.0"
50,"49.0,51.0,85.0,86.0"
51,"50.0,86.0,87.0"
58,"23.0,59.0,93.0,94.0"
59,"58.0,94.0,95.0"
84,"49.0,85.0"
85,"49.0,50.0,84.0,86.0"
86,"50.0,51.0,85.0,87.0"
87,"51.0,86.0,88.0"
88,"87.0,89.0"
89,"88.0,90.0"
90,"89.0,91.0"
91,"90.0,92.0"
92,"91.0,93.0"
93,"58.0,92.0,94.0"
94,"58.0,59.0,93.0,95.0"
95,"59.0,94.0,96.0"
96,"95.0,97.0"
97,"96.0,98.0"
98,"97.0"
118,"119.0,154.0"
119,"118.0,120.0,154.0,155.0"
120,"119.0,121.0,155.0,156.0"
121,"120.0,122.0,156.0,157.0"
122,"121.0,123.0,157.0,158.0"
123,"122.0,124.0,158.0,159.0"
124,"123.0,125.0,159.0,160.0"
125,"124.0,126.0,160.0,161.0"
126,"125.0,127.0,161.0,162.0"
127,"126.0,128.0,162.0,163.0"
128,"127.0,129.0,163.0,164.0"
129,"128.0,130.0,164.0,165.0"
130,"129.0,131.0,165.0,166.0"
131,"130.0,132.0,166.0,167.0"
132,"131.0,133.0,167.0,168.0"
133,"132.0,134.0,168.0,169.0"
134,"133.0,135.0,169.0,170.0"
135,"134.0,136.0,170.0,171.0"
136,"135.0,171.0"
154,"118.0,119.0,155.0,188.0,189.0"
155,"119.0,120.0,154.0,156.0,189.0,190.0"
156,"120.0,121.0,155.0,157.0,190.0,191.0"
157,"121.0,122.0,156.0,158.0,191.0,192.0"
158,"122.0,123.0,157.0,159.0,192.0,193.0"
159,"123.0,124.0,158.0,160.0,193.0,194.0"
160,"124.0,125.0,159.0,161.0,194.0,195.0"
161,"125.0,126.0,160.0,162.0,195.0,196.0"
162,"126.0,127.0,161.0,163.0,196.0,197.0"
163,"127.0,128.0,162.0,164.0,197.0,198.0"
164,"128.0,129.0,163.0,165.0,198.0,199.0"
165,"129.0,130.0,164.0,166.0,199.0,200.0"
166,"130.0,131.0,165.0,167.0,200.0,201.0"
167,"131.0,132.0,166.0,168.0,201.0,202.0"
168,"132.0,133.0,167.0,169.0,202.0,203.0"
169,"133.0,134.0,168.0,170.0,203.0,204.0"
170,"134.0,135.0,169.0,171.0,204.0,205.0"
171,"135.0,136.0,170.0,205.0,206.0"
188,"154.0,189.0,224.0"
189,"154.0,155.0,188.0,190.0,224.0,225.0"
190,"155.0,156.0,189.0,191.0,225.0,226.0"
191,"156.0,157.0,190.0,192.0,226.0,227.0"
192,"157.0,158.0,191.0,193.0,227.0,228.0"
193,"158.0,159.0,192.0,194.0,228.0,229.0"
194,"159.0,160.0,193.0,195.0,229.0,230.0"
195,"160.0,161.0,194.0,196.0,230.0,231.0"
196,"161.0,162.0,195.0,197.0,231.0,232.0"
197,"162.0,163.0,196.0,198.0,232.0,233.0"
198,"163.0,164.0,197.0,199.0,233.0,234.0"
199,"164.0,165.0,198.0,200.0,234.0,235.0"
200,"165.0,166.0,199.0,201.0,235.0,236.0"
201,"166.0,167.0,200.0,202.0,236.0,237.0"
202,"167.0,168.0,201.0,203.0,237.0,238.0"
203,"168.0,169.0,202.0,204.0,238.0,239.0"
204,"169.0,170.0,203.0,205.0,239.0,240.0"
205,"170.0,171.0,204.0,206.0,240.0,241.0"
206,"171.0,205.0,241.0"
224,"188.0,189.0,225.0"
225,"189.0,190.0,224.0,226.0"
226,"190.0,191.0,225.0,227.0"
227,"191.0,192.0,226.0,228.0"
228,"192.0,193.0,227.0,229.0"
229,"193.0,194.0,228.0,230.0"
230,"194.0,195.0,229.0,231.0"
231,"195.0,196.0,230.0,232.0"
232,"196.0,197.0,231.0,233.0"
233,"197.0,198.0,232.0,234.0"
234,"198.0,199.0,233.0,235.0"
235,"199.0,200.0,234.0,236.0"
236,"200.0,201.0,235.0,237.0"
237,"201.0,202.0,236.0,238.0"
238,"202.0,203.0,237.0,239.0"
239,"203.0,204.0,238.0,240.0"
240,"204.0,205.0,239.0,241.0"
241,"205.0,206.0,240.0"
258,"259.0,294.0"
259,"258.0,260.0,294.0,295.0"
260,"259.0,261.0,295.0,296.0"
261,"260.0,262.0,296.0,297.0"
262,"261.0,263.0,297.0,298.0"
263,"262.0,264.0,298.0,299.0"
264,"263.0,265.0,299.0,300.0"
265,"264.0,266.0,300.0,301.0"
266,"265.0,267.0,301.0,302.0"
267,"266.0,268.0,302.0,303.0"
268,"267.0,269.0,303.0,304.0"
269,"268.0,270.0,304.0,305.0"
270,"269.0,271.0,305.0,306.0"
271,"270.0,272.0,306.0,307.0"
272,"271.0,273.0,307.0,308.0"
273,"272.0,274.0,308.0,309.0"
274,"273.0,275.0,309.0,310.0"
275,"274.0,276.0,310.0,311.0"
276,"275.0,311.0,312.0"
294,"258.0,259.0,295.0,329.0"
295,"259.0,260.0,294.0,296.0,329.0,330.0"
296,"260.0,261.0,295.0,297.0,330.0,331.0"
297,"261.0,262.0,296.0,298.0,331.0,332.0"
298,"262.0,263.0,297.0,299.0,332.0,333.0"
299,"263.0,264.0,298.0,300.0,333.0,334.0"
300,"264.0,265.0,299.0,301.0,334.0,335.0"
301,"265.0,266.0,300.0,302.0,335.0,336.0"
302,"266.0,267.0,301.0,303.0,336.0,337.0"
303,"267.0,268.0,302.0,304.0,337.0,338.0"
304,"268.0,269.0,303.0,305.0,338.0,339.0"
305,"269.0,270.0,304.0,306.0,339.0,340.0"
306,"270.0,271.0,305.0,307.0,340.0,341.0"
307,"271.0,272.0,306.0,308.0,341.0,342.0"
308,"272.0,273.0,307.0,309.0,342.0,343.0"
309,"273.0,274.0,308.0,310.0,343.0,344.0"
310,"274.0,275.0,309.0,311.0,344.0,345.0"
311,"275.0,276.0,310.0,312.0,345.0,346.0"
312,"276.0,311.0,313.0,346.0,347.0"
313,"312.0,347.0,348.0"
329,"294.0,295.0,330.0"
330,"295.0,296.0,329.0,331.0,366.0"
331,"296.0,297.0,330.0,332.0,366.0,367.0"
332,"297.0,298.0,331.0,333.0,367.0,368.0"
333,"298.0,299.0,332.0,334.0,368.0,369.0"
334,"299.0,300.0,333.0,335.0,369.0,370.0"
335,"300.0,301.0,334.0,336.0,370.0,371.0"
336,"301.0,302.0,335.0,337.0,371.0,372.0"
337,"302.0,303.0,336.0,338.0,372.0,373.0"
338,"303.0,304.0,337.0,339.0,373.0,374.0"
339,"304.0,305.0,338.0,340.0,374.0,375.0"
340,"305.0,306.0,339.0,341.0,375.0,376.0"
341,"306.0,307.0,340.0,342.0,376.0,377.0"
342,"307.0,308.0,341.0,343.0,377.0,378.0"
343,"308.0,309.0,342.0,344.0,378.0,379.0"
344,"309.0,310.0,343.0,345.0,379.0,380.0"
345,"310.0,311.0,344.0,346.0,380.0,381.0"
346,"311.0,312.0,345.0,347.0,381.0,382.0"
347,"312.0,313.0,346.0,348.0,382.0,383.0"
348,"313.0,347.0,349.0,383.0,384.0"
349,"348.0,384.0,385.0"
366,"330.0,331.0,367.0,400.0,401.0"
367,"331.0,332.0,366.0,368.0,401.0,402.0"
368,"332.0,333.0,367.0,369.0,402.0,403.0"
369,"333.0,334.0,368.0,370.0,403.0,404.0"
370,"334.0,335.0,369.0,371.0,404.0,405.0"
371,"335.0,336.0,370.0,372.0,405.0,406.0"
372,"336.0,337.0,371.0,373.0,406.0,407.0"
373,"337.0,338.0,372.0,374.0,407.0,408.0"
374,"338.0,339.0,373.0,375.0,408.0,409.0"
375,"339.0,340.0,374.0,376.0,409.0,410.0"
376,"340.0,341.0,375.0,377.0,410.0,411.0"
377,"341.0,342.0,376.0,378.0,411.0,412.0"
378,"342.0,343.0,377.0,379.0,412.0,413.0"
379,"343.0,344.0,378.0,380.0,413.0,414.0"
380,"344.0,345.0,379.0,381.0,414.0,415.0"
381,"345.0,346.0,380.0,382.0,415.0,416.0"
382,"346.0,347.0,381.0,383.0,416.0,417.0"
383,"347.0,348.0,382.0,384.0,417.0,418.0"
384,"348.0,349.0,383.0,385.0,418.0,419.0"
385,"349.0,384.0,419.0"
399,"400.0"
400,"366.0,399.0,401.0"
401,"366.0,367.0,400.0,402.0"
402,"367.0,368.0,401.0,403.0"
403,"368.0,369.0,402.0,404.0"
404,"369.0,370.0,403.0,405.0"
405,"370.0,371.0,404.0,406.0"
406,"371.0,372.0,405.0,407.0"
407,"372.0,373.0,406.0,408.0"
408,"373.0,374.0,407.0,409.0"
409,"374.0,375.0,408.0,410.0"
410,"375.0,376.0,409.0,411.0"
411,"376.0,377.0,410.0,412.0"
412,"377.0,378.0,411.0,413.0"
413,"378.0,379.0,412.0,414.0"
414,"379.0,380.0,413.0,415.0"
415,"380.0,381.0,414.0,416.0"
416,"381.0,382.0,415.0,417.0"
417,"382.0,383.0,416.0,418.0"
418,"383.0,384.0,417.0,419.0"
419,"384.0,385.0,418.0"
431,"432.0,465.0,466.0"
432,"431.0,433.0,466.0,467.0"
433,"432.0,434.0,467.0,468.0"
434,"433.0,435.0,468.0,469.0"
435,"434.0,436.0,469.0,470.0"
436,"435.0,437.0,470.0,471.0"
437,"436.0,438.0,471.0,472.0"
438,"437.0,439.0,472.0,473.0"
439,"438.0,440.0,473.0,474.0"
440,"439.0,441.0,474.0,475.0"
441,"440.0,442.0,475.0,476.0"
442,"441.0,443.0,476.0,477.0"
443,"442.0,444.0,477.0,478.0"
444,"443.0,445.0,478.0,479.0"
445,"444.0,446.0,479.0,480.0"
446,"445.0,447.0,480.0,481.0"
447,"446.0,448.0,481.0,482.0"
448,"447.0,449.0,482.0,483.0"
449,"448.0,450.0,483.0,484.0"
450,"449.0,451.0,484.0,485.0"
451,"450.0,452.0,485.0,486.0"
452,"451.0,453.0,486.0,487.0"
453,"452.0,454.0,487.0,488.0"
454,"453.0,488.0"
464,"465.0,499.0,500.0"
465,"431.0,464.0,466.0,500.0,501.0"
466,"431.0,432.0,465.0,467.0,501.0,502.0"
467,"432.0,433.0,466.0,468.0,502.0,503.0"
468,"433.0,434.0,467.0,469.0,503.0,504.0"
469,"434.0,435.0,468.0,470.0,504.0,505.0"
470,"435.0,436.0,469.0,471.0,505.0,506.0"
471,"436.0,437.0,470.0,472.0,506.0,507.0"
472,"437.0,438.0,471.0,473.0,507.0,508.0"
473,"438.0,439.0,472.0,474.0,508.0,509.0"
474,"439.0,440.0,473.0,475.0,509.0,510.0"
475,"440.0,441.0,474.0,476.0,510.0,511.0"
476,"441.0,442.0,475.0,477.0,511.0,512.0"
477,"442.0,443.0,476.0,478.0,512.0,513.0"
478,"443.0,444.0,477.0,479.0,513.0,514.0"
479,"444.0,445.0,478.0,480.0,514.0,515.0"
480,"445.0,446.0,479.0,481.0,515.0,516.0"
481,"446.0,447.0,480.0,482.0,516.0,517.0"
482,"447.0,448.0,481.0,483.0,517.0,518.0"
483,"448.0,449.0,482.0,484.0,518.0,519.0"
484,"449.0,450.0,483.0,485.0,519.0,520.0"
485,"450.0,451.0,484.0,486.0,520.0,521.0"
486,"451.0,452.0,485.0,487.0,521.0,522.0"
487,"452.0,453.0,486.0,488.0,522.0,523.0"
488,"453.0,454.0,487.0,523.0"
497,"498.0,531.0,532.0"
498,"497.0,499.0,532.0,533.0"
499,"464.0,498.0,500.0,533.0,534.0"
500,"464.0,465.0,499.0,501.0,534.0,535.0"
501,"465.0,466.0,500.0,502.0,535.0,536.0"
502,"466.0,467.0,501.0,503.0,536.0,537.0"
503,"467.0,468.0,502.0,504.0,537.0,538.0"
504,"468.0,469.0,503.0,505.0,538.0,539.0"
505,"469.0,470.0,504.0,506.0,539.0,540.0"
506,"470.0,471.0,505.0,507.0,540.0,541.0"
507,"471.0,472.0,506.0,508.0,541.0,542.0"
508,"472.0,473.0,507.0,509.0,542.0,543.0"
509,"473.0,474.0,508.0,510.0,543.0,544.0"
510,"474.0,475.0,509.0,511.0,544.0,545.0"
511,"475.0,476.0,510.0,512.0,545.0,546.0"
512,"476.0,477.0,511.0,513.0,546.0,547.0"
513,"477.0,478.0,512.0,514.0,547.0,548.0"
514,"478.0,479.0,513.0,515.0,548.0,549.0"
515,"479.0,480.0,514.0,516.0,549.0,550.0"
516,"480.0,481.0,515.0,517.0,550.0,551.0"
517,"481.0,482.0,516.0,518.0,551.0,552.0"
518,"482.0,483.0,517.0,519.0,552.0,553.0"
519,"483.0,484.0,518.0,520.0,553.0,554.0"
520,"484.0,485.0,519.0,521.0,554.0,555.0"
521,"485.0,486.0,520.0,522.0,555.0,556.0"
522,"486.0,487.0,521.0,523.0,556.0,557.0"
523,"487.0,488.0,522.0,557.0"
530,"531.0"
531,"497.0,530.0,532.0"
532,"497.0,498.0,531.0,533.0"
533,"498.0,499.0,532.0,534.0"
534,"499.0,500.0,533.0,535.0"
535,"500.0,501.0,534.0,536.0"
536,"501.0,502.0,535.0,537.0"
537,"502.0,503.0,536.0,538.0"
538,"503.0,504.0,537.0,539.0"
539,"504.0,505.0,538.0,540.0"
540,"505.0,506.0,539.0,541.0"
541,"506.0,507.0,540.0,542.0"
542,"507.0,508.0,541.0,543.0"
543,"508.0,509.0,542.0,544.0"
544,"509.0,510.0,543.0,545.0"
545,"510.0,511.0,544.0,546.0"
546,"511.0,512.0,545.0,547.0"
547,"512.0,513.0,546.0,548.0"
548,"513.0,514.0,547.0,549.0"
549,"514.0,515.0,548.0,550.0"
550,"515.0,516.0,549.0,551.0"
551,"516.0,517.0,550.0,552.0"
552,"517.0,518.0,551.0,553.0"
553,"518.0,519.0,552.0,554.0"
554,"519.0,520.0,553.0,555.0"
555,"520.0,521.0,554.0,556.0"
556,"521.0,522.0,555.0,557.0"
557,"522.0,523.0,556.0"
564,"565.0,598.0,599.0"
565,"564.0,566.0,599.0,600.0"
566,"565.0,567.0,600.0,601.0"
567,"566.0,568.0,601.0,602.0"
568,"567.0,569.0,602.0,603.0"
569,"568.0,570.0,603.0,604.0"
570,"569.0,571.0,604.0,605.0"
571,"570.0,572.0,605.0,606.0"
572,"571.0,573.0,606.0,607.0"
573,"572.0,574.0,607.0,608.0"
574,"573.0,575.0,608.0,609.0"
575,"574.0,576.0,609.0,610.0"
576,"575.0,577.0,610.0,611.0"
577,"576.0,578.0,611.0,612.0"
578,"577.0,579.0,612.0,613.0"
579,"578.0,580.0,613.0,614.0"
580,"579.0,581.0,614.0,615.0"
581,"580.0,582.0,615.0,616.0"
582,"581.0,583.0,616.0,617.0"
583,"582.0,584.0,617.0,618.0"
584,"583.0,585.0,618.0,619.0"
585,"584.0,586.0,619.0,620.0"
586,"585.0,587.0,620.0,621.0"
587,"586.0,588.0,621.0,622.0"
588,"587.0,589.0,622.0,623.0"
589,"588.0,590.0,623.0,624.0"
590,"589.0,591.0,624.0,625.0"
591,"590.0,592.0,625.0,626.0"
592,"591.0,593.0,626.0,627.0"
593,"592.0,627.0"
597,"598.0,632.0,633.0"
598,"564.0,597.0,599.0,633.0,634.0"
599,"564.0,565.0,598.0,600.0,634.0,635.0"
600,"565.0,566.0,599.0,601.0,635.0,636.0"
601,"566.0,567.0,600.0,602.0,636.0,637.0"
602,"567.0,568.0,601.0,603.0,637.0,638.0"
603,"568.0,569.0,602.0,604.0,638.0,639.0"
604,"569.0,570.0,603.0,605.0,639.0,640.0"
605,"570.0,571.0,604.0,606.0,640.0,641.0"
606,"571.0,572.0,605.0,607.0,641.0,642.0"
607,"572.0,573.0,606.0,608.0,642.0,643.0"
608,"573.0,574.0,607.0,609.0,643.0,644.0"
609,"574.0,575.0,608.0,610.0,644.0,645.0"
610,"575.0,576.0,609.0,611.0,645.0,646.0"
611,"576.0,577.0,610.0,612.0,646.0,647.0"
612,"577.0,578.0,611.0,613.0,647.0,648.0"
613,"578.0,579.0,612.0,614.0,648.0,649.0"
614,"579.0,580.0,613.0,615.0,649.0,650.0"
615,"580.0,581.0,614.0,616.0,650.0,651.0"
616,"581.0,582.0,615.0,617.0,651.0,652.0"
617,"582.0,583.0,616.0,618.0,652.0,653.0"
618,"583.0,584.0,617.0,619.0,653.0,654.0"
619,"584.0,585.0,618.0,620.0,654.0,655.0"
620,"585.0,586.0,619.0,621.0,655.0,656.0"
621,"586.0,587.0,620.0,622.0,656.0,657.0"
622,"587.0,588.0,621.0,623.0,657.0,658.0"
623,"588.0,589.0,622.0,624.0,658.0,659.0"
624,"589.0,590.0,623.0,625.0,659.0,660.0"
625,"590.0,591.0,624.0,626.0,660.0,661.0"
626,"591.0,592.0,625.0,627.0,661.0,662.0"
627,"592.0,593.0,626.0,662.0,663.0"
631,"632.0,666.0"
632,"597.0,631.0,633.0,666.0,667.0"
633,"597.0,598.0,632.0,634.0,667.0,668.0"
634,"598.0,599.0,633.0,635.0,668.0,669.0"
635,"599.0,600.0,634.0,636.0,669.0,670.0"
636,"600.0,601.0,635.0,637.0,670.0,671.0"
637,"601.0,602.0,636.0,638.0,671.0,672.0"
638,"602.0,603.0,637.0,639.0,672.0,673.0"
639,"603.0,604.0,638.0,640.0,673.0,674.0"
640,"604.0,605.0,639.0,641.0,674.0,675.0"
641,"605.0,606.0,640.0,642.0,675.0,676.0"
642,"606.0,607.0,641.0,643.0,676.0,677.0"
643,"607.0,608.0,642.0,644.0,677.0,678.0"
644,"608.0,609.0,643.0,645.0,678.0,679.0"
645,"609.0,610.0,644.0,646.0,679.0,680.0"
646,"610.0,611.0,645.0,647.0,680.0,681.0"
647,"611.0,612.0,646.0,648.0,681.0,682.0"
648,"612.0,613.0,647.0,649.0,682.0,683.0"
649,"613.0,614.0,648.0,650.0,683.0,684.0"
650,"614.0,615.0,649.0,651.0,684.0,685.0"
651,"615.0,616.0,650.0,652.0,685.0,686.0"
652,"616.0,617.0,651.0,653.0,686.0,687.0"
653,"617.0,618.0,652.0,654.0,687.0,688.0"
654,"618.0,619.0,653.0,655.0,688.0,689.0"
655,"619.0,620.0,654.0,656.0,689.0,690.0"
656,"620.0,621.0,655.0,657.0,690.0,691.0"
657,"621.0,622.0,656.0,658.0,691.0,692.0"
658,"622.0,623.0,657.0,659.0,692.0,693.0"
659,"623.0,624.0,658.0,660.0,693.0,694.0"
660,"624.0,625.0,659.0,661.0,694.0,695.0"
661,"625.0,626.0,660.0,662.0,695.0,696.0"
662,"626.0,627.0,661.0,663.0,696.0,697.0"
663,"627.0,662.0,697.0,698.0"
666,"631.0,632.0,667.0,701.0,702.0"
667,"632.0,633.0,666.0,668.0,702.0,703.0"
668,"633.0,634.0,667.0,669.0,703.0,704.0"
669,"634.0,635.0,668.0,670.0,704.0,705.0"
670,"635.0,636.0,669.0,671.0,705.0,706.0"
671,"636.0,637.0,670.0,672.0,706.0,707.0"
672,"637.0,638.0,671.0,673.0,707.0,708.0"
673,"638.0,639.0,672.0,674.0,708.0,709.0"
674,"639.0,640.0,673.0,675.0,709.0,710.0"
675,"640.0,641.0,674.0,676.0,710.0,711.0"
676,"641.0,642.0,675.0,677.0,711.0,712.0"
677,"642.0,643.0,676.0,678.0,712.0,713.0"
678,"643.0,644.0,677.0,679.0,713.0,714.0"
679,"644.0,645.0,678.0,680.0,714.0,715.0"
680,"645.0,646.0,679.0,681.0,715.0,716.0"
681,"646.0,647.0,680.0,682.0,716.0,717.0"
682,"647.0,648.0,681.0,683.0,717.0,718.0"
683,"648.0,649.0,682.0,684.0,718.0,719.0"
684,"649.0,650.0,683.0,685.0,719.0,720.0"
685,"650.0,651.0,684.0,686.0,720.0,721.0"
686,"651.0,652.0,685.0,687.0,721.0,722.0"
687,"652.0,653.0,686.0,688.0,722.0,723.0"
688,"653.0,654.0,687.0,689.0,723.0,724.0"
689,"654.0,655.0,688.0,690.0,724.0,725.0"
690,"655.0,656.0,689.0,691.0,725.0,726.0"
691,"656.0,657.0,690.0,692.0,726.0,727.0"
692,"657.0,658.0,691.0,693.0,727.0,728.0"
693,"658.0,659.0,692.0,694.0,728.0,729.0"
694,"659.0,660.0,693.0,695.0,729.0,730.0"
695,"660.0,661.0,694.0,696.0,730.0,731.0"
696,"661.0,662.0,695.0,697.0,731.0,732.0"
697,"662.0,663.0,696.0,698.0,732.0,733.0"
698,"663.0,697.0,733.0"
701,"666.0,702.0"
702,"666.0,667.0,701.0,703.0"
703,"667.0,668.0,702.0,704.0"
704,"668.0,669.0,703.0,705.0"
705,"669.0,670.0,704.0,706.0"
706,"670.0,671.0,705.0,707.0"
707,"671.0,672.0,706.0,708.0"
708,"672.0,673.0,707.0,709.0"
709,"673.0,674.0,708.0,710.0"
710,"674.0,675.0,709.0,711.0"
711,"675.0,676.0,710.0,712.0"
712,"676.0,677.0,711.0,713.0"
713,"677.0,678.0,712.0,714.0"
714,"678.0,679.0,713.0,715.0"
715,"679.0,680.0,714.0,716.0"
716,"680.0,681.0,715.0,717.0"
717,"681.0,682.0,716.0,718.0"
718,"682.0,683.0,717.0,719.0"
719,"683.0,684.0,718.0,720.0"
720,"684.0,685.0,719.0,721.0"
721,"685.0,686.0,720.0,722.0"
722,"686.0,687.0,721.0,723.0"
723,"687.0,688.0,722.0,724.0"
724,"688.0,689.0,723.0,725.0"
725,"689.0,690.0,724.0,726.0"
726,"690.0,691.0,725.0,727.0"
727,"691.0,692.0,726.0,728.0"
728,"692.0,693.0,727.0,729.0"
729,"693.0,694.0,728.0,730.0"
730,"694.0,695.0,729.0,731.0"
731,"695.0,696.0,730.0,732.0"
732,"696.0,697.0,731.0,733.0"
733,"697.0,698.0,732.0"
736,"737.0,772.0"
737,"736.0,738.0,772.0,773.0"
738,"737.0,739.0,773.0,774.0"
739,"738.0,740.0,774.0,775.0"
740,"739.0,741.0,775.0,776.0"
741,"740.0,742.0,776.0,777.0"
742,"741.0,743.0,777.0,778.0"
743,"742.0,744.0,778.0,779.0"
744,"743.0,745.0,779.0,780.0"
745,"744.0,746.0,780.0,781.0"
746,"745.0,747.0,781.0,782.0"
747,"746.0,748.0,782.0,783.0"
748,"747.0,749.0,783.0,784.0"
749,"748.0,750.0,784.0,785.0"
750,"749.0,751.0,785.0,786.0"
751,"750.0,752.0,786.0,787.0"
752,"751.0,753.0,787.0,788.0"
753,"752.0,754.0,788.0,789.0"
754,"753.0,755.0,789.0,790.0"
755,"754.0,756.0,790.0,791.0"
756,"755.0,757.0,791.0,792.0"
757,"756.0,758.0,792.0,793.0"
758,"757.0,759.0,793.0,794.0"
759,"758.0,760.0,794.0,795.0"
760,"759.0,761.0,795.0,796.0"
761,"760.0,762.0,796.0,797.0"
762,"761.0,763.0,797.0,798.0"
763,"762.0,764.0,798.0,799.0"
764,"763.0,765.0,799.0,800.0"
765,"764.0,766.0,800.0,801.0"
766,"765.0,767.0,801.0,802.0"
767,"766.0,768.0,802.0,803.0"
768,"767.0,803.0"
772,"736.0,737.0,773.0,807.0"
773,"737.0,738.0,772.0,774.0,807.0,808.0"
774,"738.0,739.0,773.0,775.0,808.0,809.0"
775,"739.0,740.0,774.0,776.0,809.0,810.0"
776,"740.0,741.0,775.0,777.0,810.0,811.0"
777,"741.0,742.0,776.0,778.0,811.0,812.0"
778,"742.0,743.0,777.0,779.0,812.0,813.0"
779,"743.0,744.0,778.0,780.0,813.0,814.0"
780,"744.0,745.0,779.0,781.0,814.0,815.0"
781,"745.0,746.0,780.0,782.0,815.0,816.0"
782,"746.0,747.0,781.0,783.0,816.0,817.0"
783,"747.0,748.0,782.0,784.0,817.0,818.0"
784,"748.0,749.0,783.0,785.0,818.0,819.0"
785,"749.0,750.0,784.0,786.0,819.0,820.0"
786,"750.0,751.0,785.0,787.0,820.0,821.0"
787,"751.0,752.0,786.0,788.0,821.0,822.0"
788,"752.0,753.0,787.0,789.0,822.0,823.0"
789,"753.0,754.0,788.0,790.0,823.0,824.0"
790,"754.0,755.0,789.0,791.0,824.0,825.0"
791,"755.0,756.0,790.0,792.0,825.0,826.0"
792,"756.0,757.0,791.0,793.0,826.0,827.0"
793,"757.0,758.0,792.0,794.0,827.0,828.0"
794,"758.0,759.0,793.0,795.0,828.0,829.0"
795,"759.0,760.0,794.0,796.0,829.0,830.0"
796,"760.0,761.0,795.0,797.0,830.0,831.0"
797,"761.0,762.0,796.0,798.0,831.0,832.0"
798,"762.0,763.0,797.0,799.0,832.0,833.0"
799,"763.0,764.0,798.0,800.0,833.0,834.0"
800,"764.0,765.0,799.0,801.0,834.0,835.0"
801,"765.0,766.0,800.0,802.0,835.0,836.0"
802,"766.0,767.0,801.0,803.0,836.0,837.0"
803,"767.0,768.0,802.0,837.0,838.0"
807,"772.0,773.0,808.0"
808,"773.0,774.0,807.0,809.0"
809,"774.0,775.0,808.0,810.0"
810,"775.0,776.0,809.0,811.0"
811,"776.0,777.0,810.0,812.0"
812,"777.0,778.0,811.0,813.0"
813,"778.0,779.0,812.0,814.0"
814,"779.0,780.0,813.0,815.0"
815,"780.0,781.0,814.0,816.0"
816,"781.0,782.0,815.0,817.0"
817,"782.0,783.0,816.0,818.0"
818,"783.0,784.0,817.0,819.0"
819,"784.0,785.0,818.0,820.0"
820,"785.0,786.0,819.0,821.0"
821,"786.0,787.0,820.0,822.0"
822,"787.0,788.0,821.0,823.0"
823,"788.0,789.0,822.0,824.0"
824,"789.0,790.0,823.0,825.0"
825,"790.0,791.0,824.0,826.0"
826,"791.0,792.0,825.0,827.0"
827,"792.0,793.0,826.0,828.0"
828,"793.0,794.0,827.0,829.0"
829,"794.0,795.0,828.0,830.0"
830,"795.0,796.0,829.0,831.0"
831,"796.0,797.0,830.0,832.0"
832,"797.0,798.0,831.0,833.0"
833,"798.0,799.0,832.0,834.0"
834,"799.0,800.0,833.0,835.0"
835,"800.0,801.0,834.0,836.0"
836,"801.0,802.0,835.0,837.0"
837,"802.0,803.0,836.0,838.0"
838,"803.0,837.0"
843,"844.0,878.0"
844,"843.0,845.0,878.0,879.0"
845,"844.0,846.0,879.0,880.0"
846,"845.0,847.0,880.0,881.0"
847,"846.0,848.0,881.0,882.0"
848,"847.0,849.0,882.0,883.0"
849,"848.0,850.0,883.0,884.0"
850,"849.0,851.0,884.0,885.0"
851,"850.0,852.0,885.0,886.0"
852,"851.0,853.0,886.0,887.0"
853,"852.0,854.0,887.0,888.0"
854,"853.0,855.0,888.0,889.0"
855,"854.0,856.0,889.0,890.0"
856,"855.0,857.0,890.0,891.0"
857,"856.0,858.0,891.0,892.0"
858,"857.0,859.0,892.0,893.0"
859,"858.0,860.0,893.0,894.0"
860,"859.0,861.0,894.0,895.0"
861,"860.0,862.0,895.0,896.0"
862,"861.0,863.0,896.0,897.0"
863,"862.0,864.0,897.0,898.0"
864,"863.0,865.0,898.0,899.0"
865,"864.0,866.0,899.0,900.0"
866,"865.0,867.0,900.0,901.0"
867,"866.0,868.0,901.0,902.0"
868,"867.0,869.0,902.0,903.0"
869,"868.0,870.0,903.0,904.0"
870,"869.0,871.0,904.0,905.0"
871,"870.0,872.0,905.0,906.0"
872,"871.0,873.0,906.0,907.0"
873,"872.0,907.0,908.0"
878,"843.0,844.0,879.0,914.0"
879,"844.0,845.0,878.0,880.0,914.0,915.0"
880,"845.0,846.0,879.0,881.0,915.0,916.0"
881,"846.0,847.0,880.0,882.0,916.0,917.0"
882,"847.0,848.0,881.0,883.0,917.0,918.0"
883,"848.0,849.0,882.0,884.0,918.0,919.0"
884,"849.0,850.0,883.0,885.0,919.0,920.0"
885,"850.0,851.0,884.0,886.0,920.0,921.0"
886,"851.0,852.0,885.0,887.0,921.0,922.0"
887,"852.0,853.0,886.0,888.0,922.0,923.0"
888,"853.0,854.0,887.0,889.0,923.0,924.0"
889,"854.0,855.0,888.0,890.0,924.0,925.0"
890,"855.0,856.0,889.0,891.0,925.0,926.0"
891,"856.0,857.0,890.0,892.0,926.0,927.0"
892,"857.0,858.0,891.0,893.0,927.0,928.0"
893,"858.0,859.0,892.0,894.0,928.0,929.0"
894,"859.0,860.0,893.0,895.0,929.0,930.0"
895,"860.0,861.0,894.0,896.0,930.0,931.0"
896,"861.0,862.0,895.0,897.0,931.0,932.0"
897,"862.0,863.0,896.0,898.0,932.0,933.0"
898,"863.0,864.0,897.0,899.0,933.0,934.0"
899,"864.0,865.0,898.0,900.0,934.0,935.0"
900,"865.0,866.0,899.0,901.0,935.0,936.0"
901,"866.0,867.0,900.0,902.0,936.0,937.0"
902,"867.0,868.0,901.0,903.0,937.0,938.0"
903,"868.0,869.0,902.0,904.0,938.0,939.0"
904,"869.0,870.0,903.0,905.0,939.0,940.0"
905,"870.0,871.0,904.0,906.0,940.0,941.0"
906,"871.0,872.0,905.0,907.0,941.0,942.0"
907,"872.0,873.0,906.0,908.0,942.0,943.0"
908,"873.0,907.0,943.0"
914,"878.0,879.0,915.0,949.0"
915,"879.0,880.0,914.0,916.0,949.0,950.0"
916,"880.0,881.0,915.0,917.0,950.0,951.0"
917,"881.0,882.0,916.0,918.0,951.0,952.0"
918,"882.0,883.0,917.0,919.0,952.0,953.0"
919,"883.0,884.0,918.0,920.0,953.0,954.0"
920,"884.0,885.0,919.0,921.0,954.0,955.0"
921,"885.0,886.0,920.0,922.0,955.0,956.0"
922,"886.0,887.0,921.0,923.0,956.0,957.0"
923,"887.0,888.0,922.0,924.0,957.0,958.0"
924,"888.0,889.0,923.0,925.0,958.0,959.0"
925,"889.0,890.0,924.0,926.0,959.0,960.0"
926,"890.0,891.0,925.0,927.0,960.0,961.0"
927,"891.0,892.0,926.0,928.0,961.0,962.0"
928,"892.0,893.0,927.0,929.0,962.0,963.0"
929,"893.0,894.0,928.0,930.0,963.0,964.0"
930,"894.0,895.0,929.0,931.0,964.0,965.0"
931,"895.0,896.0,930.0,932.0,965.0,966.0"
932,"896.0,897.0,931.0,933.0,966.0,967.0"
933,"897.0,898.0,932.0,934.0,967.0,968.0"
934,"898.0,899.0,933.0,935.0,968.0,969.0"
935,"899.0,900.0,934.0,936.0,969.0,970.0"
936,"900.0,901.0,935.0,937.0,970.0,971.0"
937,"901.0,902.0,936.0,938.0,971.0,972.0"
938,"902.0,903.0,937.0,939.0,972.0,973.0"
939,"903.0,904.0,938.0,940.0,973.0,974.0"
940,"904.0,905.0,939.0,941.0,974.0,975.0"
941,"905.0,906.0,940.0,942.0,975.0,976.0"
942,"906.0,907.0,941.0,943.0,976.0,977.0"
943,"907.0,908.0,942.0,977.0,978.0"
949,"914.0,915.0,950.0"
950,"915.0,916.0,949.0,951.0,986.0"
951,"916.0,917.0,950.0,952.0,986.0,987.0"
952,"917.0,918.0,951.0,953.0,987.0,988.0"
953,"918.0,919.0,952.0,954.0,988.0,989.0"
954,"919.0,920.0,953.0,955.0,989.0,990.0"
955,"920.0,921.0,954.0,956.0,990.0,991.0"
956,"921.0,922.0,955.0,957.0,991.0,992.0"
957,"922.0,923.0,956.0,958.0,992.0,993.0"
958,"923.0,924.0,957.0,959.0,993.0,994.0"
959,"924.0,925.0,958.0,960.0,994.0,995.0"
960,"925.0,926.0,959.0,961.0,995.0,996.0"
961,"926.0,927.0,960.0,962.0,996.0,997.0"
962,"927.0,928.0,961.0,963.0,997.0,998.0"
963,"928.0,929.0,962.0,964.0,998.0,999.0"
964,"929.0,930.0,963.0,965.0,999.0,1000.0"
965,"930.0,931.0,964.0,966.0,1000.0,1001.0"
966,"931.0,932.0,965.0,967.0,1001.0,1002.0"
967,"932.0,933.0,966.0,968.0,1002.0,1003.0"
968,"933.0,934.0,967.0,969.0,1003.0,1004.0"
969,"934.0,935.0,968.0,970.0,1004.0,1005.0"
970,"935.0,936.0,969.0,971.0,1005.0,1006.0"
971,"936.0,937.0,970.0,972.0,1006.0,1007.0"
972,"937.0,938.0,971.0,973.0,1007.0,1008.0"
973,"938.0,939.0,972.0,974.0,1008.0,1009.0"
974,"939.0,940.0,973.0,975.0,1009.0,1010.0"
975,"940.0,941.0,974.0,976.0,1010.0,1011.0"
976,"941.0,942.0,975.0,977.0,1011.0,1012.0"
977,"942.0,943.0,976.0,978.0,1012.0,1013.0"
978,"943.0,977.0,1013.0"
986,"950.0,951.0,987.0"
987,"951.0,952.0,986.0,988.0"
988,"952.0,953.0,987.0,989.0"
989,"953.0,954.0,988.0,990.0"
990,"954.0,955.0,989.0,991.0"
991,"955.0,956.0,990.0,992.0"
992,"956.0,957.0,991.0,993.0"
993,"957.0,958.0,992.0,994.0"
994,"958.0,959.0,993.0,995.0"
995,"959.0,960.0,994.0,996.0"
996,"960.0,961.0,995.0,997.0"
997,"961.0,962.0,996.0,998.0"
998,"962.0,963.0,997.0,999.0"
999,"963.0,964.0,998.0,1000.0"
1000,"964.0,965.0,999.0,1001.0"
1001,"965.0,966.0,1000.0,1002.0"
1002,"966.0,967.0,1001.0,1003.0"
1003,"967.0,968.0,1002.0,1004.0"
1004,"968.0,969.0,1003.0,1005.0"
1005,"969.0,970.0,1004.0,1006.0"
1006,"970.0,971.0,1005.0,1007.0"
1007,"971.0,972.0,1006.0,1008.0"
1008,"972.0,973.0,1007.0,1009.0"
1009,"973.0,974.0,1008.0,1010.0"
1010,"974.0,975.0,1009.0,1011.0"
1011,"975.0,976.0,1010.0,1012.0"
1012,"976.0,977.0,1011.0,1013.0"
1013,"977.0,978.0,1012.0"
1020,"1021.0,1056.0"
1021,"1020.0,1022.0,1056.0,1057.0"
1022,"1021.0,1023.0,1057.0,1058.0"
1023,"1022.0,1024.0,1058.0,1059.0"
1024,"1023.0,1025.0,1059.0,1060.0"
1025,"1024.0,1026.0,1060.0,1061.0"
1026,"1025.0,1027.0,1061.0,1062.0"
1027,"1026.0,1028.0,1062.0,1063.0"
1028,"1027.0,1029.0,1063.0,1064.0"
1029,"1028.0,1030.0,1064.0,1065.0"
1030,"1029.0,1031.0,1065.0,1066.0"
1031,"1030.0,1032.0,1066.0,1067.0"
1032,"1031.0,1033.0,1067.0,1068.0"
1033,"1032.0,1034.0,1068.0,1069.0"
1034,"1033.0,1035.0,1069.0,1070.0"
1035,"1034.0,1036.0,1070.0,1071.0"
1036,"1035.0,1037.0,1071.0,1072.0"
1037,"1036.0,1038.0,1072.0,1073.0"
1038,"1037.0,1039.0,1073.0,1074.0"
1039,"1038.0,1040.0,1074.0,1075.0"
1040,"1039.0,1041.0,1075.0,1076.0"
1041,"1040.0,1042.0,1076.0,1077.0"
1042,"1041.0,1043.0,1077.0,1078.0"
1043,"1042.0,1044.0,1078.0,1079.0"
1044,"1043.0,1045.0,1079.0,1080.0"
1045,"1044.0,1046.0,1080.0,1081.0"
1046,"1045.0,1047.0,1081.0,1082.0"
1047,"1046.0,1048.0,1082.0,1083.0"
1048,"1047.0,1083.0"
1056,"1020.0,1021.0,1057.0,1091.0"
1057,"1021.0,1022.0,1056.0,1058.0,1091.0,1092.0"
1058,"1022.0,1023.0,1057.0,1059.0,1092.0,1093.0"
1059,"1023.0,1024.0,1058.0,1060.0,1093.0,1094.0"
1060,"1024.0,1025.0,1059.0,1061.0,1094.0,1095.0"
1061,"1025.0,1026.0,1060.0,1062.0,1095.0,1096.0"
1062,"1026.0,1027.0,1061.0,1063.0,1096.0,1097.0"
1063,"1027.0,1028.0,1062.0,1064.0,1097.0,1098.0"
1064,"1028.0,1029.0,1063.0,1065.0,1098.0,1099.0"
1065,"1029.0,1030.0,1064.0,1066.0,1099.0,1100.0"
1066,"1030.0,1031.0,1065.0,1067.0,1100.0,1101.0"
1067,"1031.0,1032.0,1066.0,1068.0,1101.0,1102.0"
1068,"1032.0,1033.0,1067.0,1069.0,1102.0,1103.0"
1069,"1033.0,1034.0,1068.0,1070.0,1103.0,1104.0"
1070,"1034.0,1035.0,1069.0,1071.0,1104.0,1105.0"
1071,"1035.0,1036.0,1070.0,1072.0,1105.0,1106.0"
1072,"1036.0,1037.0,1071.0,1073.0,1106.0,1107.0"
1073,"1037.0,1038.0,1072.0,1074.0,1107.0,1108.0"
1074,"1038.0,1039.0,1073.0,1075.0,1108.0,1109.0"
1075,"1039.0,1040.0,1074.0,1076.0,1109.0,1110.0"
1076,"1040.0,1041.0,1075.0,1077.0,1110.0,1111.0"
1077,"1041.0,1042.0,1076.0,1078.0,1111.0,1112.0"
1078,"1042.0,1043.0,1077.0,1079.0,1112.0,1113.0"
1079,"1043.0,1044.0,1078.0,1080.0,1113.0,1114.0"
1080,"1044.0,1045.0,1079.0,1081.0,1114.0,1115.0"
1081,"1045.0,1046.0,1080.0,1082.0,1115.0,1116.0"
1082,"1046.0,1047.0,1081.0,1083.0,1116.0,1117.0"
1083,"1047.0,1048.0,1082.0,1117.0,1118.0"
1091,"1056.0,1057.0,1092.0,1126.0,1127.0"
1092,"1057.0,1058.0,1091.0,1093.0,1127.0,1128.0"
1093,"1058.0,1059.0,1092.0,1094.0,1128.0,1129.0"
1094,"1059.0,1060.0,1093.0,1095.0,1129.0,1130.0"
1095,"1060.0,1061.0,1094.0,1096.0,1130.0,1131.0"
1096,"1061.0,1062.0,1095.0,1097.0,1131.0,1132.0"
1097,"1062.0,1063.0,1096.0,1098.0,1132.0,1133.0"
1098,"1063.0,1064.0,1097.0,1099.0,1133.0,1134.0"
1099,"1064.0,1065.0,1098.0,1100.0,1134.0,1135.0"
1100,"1065.0,1066.0,1099.0,1101.0,1135.0,1136.0"
1101,"1066.0,1067.0,1100.0,1102.0,1136.0,1137.0"
1102,"1067.0,1068.0,1101.0,1103.0,1137.0,1138.0"
1103,"1068.0,1069.0,1102.0,1104.0,1138.0,1139.0"
1104,"1069.0,1070.0,1103.0,1105.0,1139.0,1140.0"
1105,"1070.0,1071.0,1104.0,1106.0,1140.0,1141.0"
1106,"1071.0,1072.0,1105.0,1107.0,1141.0,1142.0"
1107,"1072.0,1073.0,1106.0,1108.0,1142.0,1143.0"
1108,"1073.0,1074.0,1107.0,1109.0,1143.0,1144.0"
1109,"1074.0,1075.0,1108.0,1110.0,1144.0,1145.0"
1110,"1075.0,1076.0,1109.0,1111.0,1145.0,1146.0"
1111,"1076.0,1077.0,1110.0,1112.0,1146.0,1147.0"
1112,"1077.0,1078.0,1111.0,1113.0,1147.0,1148.0"
1113,"1078.0,1079.0,1112.0,1114.0,1148.0,1149.0"
1114,"1079.0,1080.0,1113.0,1115.0,1149.0,1150.0"
1115,"1080.0,1081.0,1114.0,1116.0,1150.0,1151.0"
1116,"1081.0,1082.0,1115.0,1117.0,1151.0,1152.0"
1117,"1082.0,1083.0,1116.0,1118.0,1152.0,1153.0"
1118,"1083.0,1117.0,1153.0,1154.0"
1126,"1091.0,1127.0"
1127,"1091.0,1092.0,1126.0,1128.0"
1128,"1092.0,1093.0,1127.0,1129.0"
1129,"1093.0,1094.0,1128.0,1130.0"
1130,"1094.0,1095.0,1129.0,1131.0"
1131,"1095.0,1096.0,1130.0,1132.0"
1132,"1096.0,1097.0,1131.0,1133.0"
1133,"1097.0,1098.0,1132.0,1134.0"
1134,"1098.0,1099.0,1133.0,1135.0"
1135,"1099.0,1100.0,1134.0,1136.0"
1136,"1100.0,1101.0,1135.0,1137.0"
1137,"1101.0,1102.0,1136.0,1138.0"
1138,"1102.0,1103.0,1137.0,1139.0"
1139,"1103.0,1104.0,1138.0,1140.0"
1140,"1104.0,1105.0,1139.0,1141.0"
1141,"1105.0,1106.0,1140.0,1142.0"
1142,"1106.0,1107.0,1141.0,1143.0"
1143,"1107.0,1108.0,1142.0,1144.0"
1144,"1108.0,1109.0,1143.0,1145.0"
1145,"1109.0,1110.0,1144.0,1146.0"
1146,"1110.0,1111.0,1145.0,1147.0"
1147,"1111.0,1112.0,1146.0,1148.0"
1148,"1112.0,1113.0,1147.0,1149.0"
1149,"1113.0,1114.0,1148.0,1150.0"
1150,"1114.0,1115.0,1149.0,1151.0"
1151,"1115.0,1116.0,1150.0,1152.0"
1152,"1116.0,1117.0,1151.0,1153.0"
1153,"1117.0,1118.0,1152.0,1154.0"
1154,"1118.0,1153.0"
1162,"1163.0,1197.0,1198.0"
1163,"1162.0,1164.0,1198.0,1199.0"
1164,"1163.0,1165.0,1199.0,1200.0"
1165,"1164.0,1166.0,1200.0,1201.0"
1166,"1165.0,1167.0,1201.0,1202.0"
1167,"1166.0,1168.0,1202.0,1203.0"
1168,"1167.0,1169.0,1203.0,1204.0"
1169,"1168.0,1170.0,1204.0,1205.0"
1170,"1169.0,1171.0,1205.0,1206.0"
1171,"1170.0,1172.0,1206.0,1207.0"
1172,"1171.0,1173.0,1207.0,1208.0"
1173,"1172.0,1174.0,1208.0,1209.0"
1174,"1173.0,1175.0,1209.0,1210.0"
1175,"1174.0,1176.0,1210.0,1211.0"
1176,"1175.0,1177.0,1211.0,1212.0"
1177,"1176.0,1178.0,1212.0,1213.0"
1178,"1177.0,1179.0,1213.0,1214.0"
1179,"1178.0,1180.0,1214.0,1215.0"
1180,"1179.0,1181.0,1215.0,1216.0"
1181,"1180.0,1182.0,1216.0,1217.0"
1182,"1181.0,1183.0,1217.0,1218.0"
1183,"1182.0,1184.0,1218.0,1219.0"
1184,"1183.0,1185.0,1219.0,1220.0"
1185,"1184.0,1186.0,1220.0,1221.0"
1186,"1185.0,1187.0,1221.0,1222.0"
1187,"1186.0,1188.0,1222.0,1223.0"
1188,"1187.0,1223.0,1224.0"
1197,"1162.0,1198.0,1232.0"
1198,"1162.0,1163.0,1197.0,1199.0,1232.0,1233.0"
1199,"1163.0,1164.0,1198.0,1200.0,1233.0,1234.0"
1200,"1164.0,1165.0,1199.0,1201.0,1234.0,1235.0"
1201,"1165.0,1166.0,1200.0,1202.0,1235.0,1236.0"
1202,"1166.0,1167.0,1201.0,1203.0,1236.0,1237.0"
1203,"1167.0,1168.0,1202.0,1204.0,1237.0,1238.0"
1204,"1168.0,1169.0,1203.0,1205.0,1238.0,1239.0"
1205,"1169.0,1170.0,1204.0,1206.0,1239.0,1240.0"
1206,"1170.0,1171.0,1205.0,1207.0,1240.0,1241.0"
1207,"1171.0,1172.0,1206.0,1208.0,1241.0,1242.0"
1208,"1172.0,1173.0,1207.0,1209.0,1242.0,1243.0"
1209,"1173.0,1174.0,1208.0,1210.0,1243.0,1244.0"
1210,"1174.0,1175.0,1209.0,1211.0,1244.0,1245.0"
1211,"1175.0,1176.0,1210.0,1212.0,1245.0,1246.0"
1212,"1176.0,1177.0,1211.0,1213.0,1246.0,1247.0"
1213,"1177.0,1178.0,1212.0,1214.0,1247.0,1248.0"
1214,"1178.0,1179.0,1213.0,1215.0,1248.0,1249.0"
1215,"1179.0,1180.0,1214.0,1216.0,1249.0,1250.0"
1216,"1180.0,1181.0,1215.0,1217.0,1250.0,1251.0"
1217,"1181.0,1182.0,1216.0,1218.0,1251.0,1252.0"
1218,"1182.0,1183.0,1217.0,1219.0,1252.0,1253.0"
1219,"1183.0,1184.0,1218.0,1220.0,1253.0,1254.0"
1220,"1184.0,1185.0,1219.0,1221.0,1254.0,1255.0"
1221,"1185.0,1186.0,1220.0,1222.0,1255.0,1256.0"
1222,"1186.0,1187.0,1221.0,1223.0,1256.0,1257.0"
1223,"1187.0,1188.0,1222.0,1224.0,1257.0,1258.0"
1224,"1188.0,1223.0,1258.0"
1232,"1197.0,1198.0,1233.0,1268.0"
1233,"1198.0,1199.0,1232.0,1234.0,1268.0,1269.0"
1234,"1199.0,1200.0,1233.0,1235.0,1269.0,1270.0"
1235,"1200.0,1201.0,1234.0,1236.0,1270.0,1271.0"
1236,"1201.0,1202.0,1235.0,1237.0,1271.0,1272.0"
1237,"1202.0,1203.0,1236.0,1238.0,1272.0,1273.0"
1238,"1203.0,1204.0,1237.0,1239.0,1273.0,1274.0"
1239,"1204.0,1205.0,1238.0,1240.0,1274.0,1275.0"
1240,"1205.0,1206.0,1239.0,1241.0,1275.0,1276.0"
1241,"1206.0,1207.0,1240.0,1242.0,1276.0,1277.0"
1242,"1207.0,1208.0,1241.0,1243.0,1277.0,1278.0"
1243,"1208.0,1209.0,1242.0,1244.0,1278.0,1279.0"
1244,"1209.0,1210.0,1243.0,1245.0,1279.0,1280.0"
1245,"1210.0,1211.0,1244.0,1246.0,1280.0,1281.0"
1246,"1211.0,1212.0,1245.0,1247.0,1281.0,1282.0"
1247,"1212.0,1213.0,1246.0,1248.0,1282.0,1283.0"
1248,"1213.0,1214.0,1247.0,1249.0,1283.0,1284.0"
1249,"1214.0,1215.0,1248.0,1250.0,1284.0,1285.0"
1250,"1215.0,1216.0,1249.0,1251.0,1285.0,1286.0"
1251,"1216.0,1217.0,1250.0,1252.0,1286.0,1287.0"
1252,"1217.0,1218.0,1251.0,1253.0,1287.0,1288.0"
1253,"1218.0,1219.0,1252.0,1254.0,1288.0,1289.0"
1254,"1219.0,1220.0,1253.0,1255.0,1289.0,1290.0"
1255,"1220.0,1221.0,1254.0,1256.0,1290.0,1291.0"
1256,"1221.0,1222.0,1255.0,1257.0,1291.0,1292.0"
1257,"1222.0,1223.0,1256.0,1258.0,1292.0,1293.0"
1258,"1223.0,1224.0,1257.0,1293.0,1294.0"
1268,"1232.0,1233.0,1269.0,1303.0"
1269,"1233.0,1234.0,1268.0,1270.0,1303.0,1304.0"
1270,"1234.0,1235.0,1269.0,1271.0,1304.0,1305.0"
1271,"1235.0,1236.0,1270.0,1272.0,1305.0,1306.0"
1272,"1236.0,1237.0,1271.0,1273.0,1306.0,1307.0"
1273,"1237.0,1238.0,1272.0,1274.0,1307.0,1308.0"
1274,"1238.0,1239.0,1273.0,1275.0,1308.0,1309.0"
1275,"1239.0,1240.0,1274.0,1276.0,1309.0,1310.0"
1276,"1240.0,1241.0,1275.0,1277.0,1310.0,1311.0"
1277,"1241.0,1242.0,1276.0,1278.0,1311.0,1312.0"
1278,"1242.0,1243.0,1277.0,1279.0,1312.0,1313.0"
1279,"1243.0,1244.0,1278.0,1280.0,1313.0,1314.0"
1280,"1244.0,1245.0,1279.0,1281.0,1314.0,1315.0"
1281,"1245.0,1246.0,1280.0,1282.0,1315.0,1316.0"
1282,"1246.0,1247.0,1281.0,1283.0,1316.0,1317.0"
1283,"1247.0,1248.0,1282.0,1284.0,1317.0,1318.0"
1284,"1248.0,1249.0,1283.0,1285.0,1318.0,1319.0"
1285,"1249.0,1250.0,1284.0,1286.0,1319.0,1320.0"
1286,"1250.0,1251.0,1285.0,1287.0,1320.0,1321.0"
1287,"1251.0,1252.0,1286.0,1288.0,1321.0,1322.0"
1288,"1252.0,1253.0,1287.0,1289.0,1322.0,1323.0"
1289,"1253.0,1254.0,1288.0,1290.0,1323.0,1324.0"
1290,"1254.0,1255.0,1289.0,1291.0,1324.0,1325.0"
1291,"1255.0,1256.0,1290.0,1292.0,1325.0,1326.0"
1292,"1256.0,1257.0,1291.0,1293.0,1326.0,1327.0"
1293,"1257.0,1258.0,1292.0,1294.0,1327.0,1328.0"
1294,"1258.0,1293.0,1328.0"
1303,"1268.0,1269.0,1304.0"
1304,"1269.0,1270.0,1303.0,1305.0"
1305,"1270.0,1271.0,1304.0,1306.0"
1306,"1271.0,1272.0,1305.0,1307.0"
1307,"1272.0,1273.0,1306.0,1308.0"
1308,"1273.0,1274.0,1307.0,1309.0"
1309,"1274.0,1275.0,1308.0,1310.0"
1310,"1275.0,1276.0,1309.0,1311.0"
1311,"1276.0,1277.0,1310.0,1312.0"
1312,"1277.0,1278.0,1311.0,1313.0"
1313,"1278.0,1279.0,1312.0,1314.0"
1314,"1279.0,1280.0,1313.0,1315.0"
1315,"1280.0,1281.0,1314.0,1316.0"
1316,"1281.0,1282.0,1315.0,1317.0"
1317,"1282.0,1283.0,1316.0,1318.0,1353.0"
1318,"1283.0,1284.0,1317.0,1319.0,1353.0,1354.0"
1319,"1284.0,1285.0,1318.0,1320.0,1354.0,1355.0"
1320,"1285.0,1286.0,1319.0,1321.0,1355.0,1356.0"
1321,"1286.0,1287.0,1320.0,1322.0,1356.0,1357.0"
1322,"1287.0,1288.0,1321.0,1323.0,1357.0,1358.0"
1323,"1288.0,1289.0,1322.0,1324.0,1358.0,1359.0"
1324,"1289.0,1290.0,1323.0,1325.0,1359.0,1360.0"
1325,"1290.0,1291.0,1324.0,1326.0,1360.0,1361.0"
1326,"1291.0,1292.0,1325.0,1327.0,1361.0,1362.0"
1327,"1292.0,1293.0,1326.0,1328.0,1362.0,1363.0"
1328,"1293.0,1294.0,1327.0,1363.0,1364.0"
1353,"1317.0,1318.0,1354.0"
1354,"1318.0,1319.0,1353.0,1355.0"
1355,"1319.0,1320.0,1354.0,1356.0"
1356,"1320.0,1321.0,1355.0,1357.0"
1357,"1321.0,1322.0,1356.0,1358.0"
1358,"1322.0,1323.0,1357.0,1359.0"
1359,"1323.0,1324.0,1358.0,1360.0"
1360,"1324.0,1325.0,1359.0,1361.0"
1361,"1325.0,1326.0,1360.0,1362.0"
1362,"1326.0,1327.0,1361.0,1363.0,1397.0"
1363,"1327.0,1328.0,1362.0,1364.0,1397.0,1398.0"
1364,"1328.0,1363.0,1398.0"
1397,"1362.0,1363.0,1398.0"
1398,"1363.0,1364.0,1397.0"
